OBJECTID,ICNUM,CPNM,IDC,CROPNAME,BIO_E,HVSTI,BLAI,FRGRW1,LAIMX1,FRGRW2,LAIMX2,DLAI,CHTMX,RDMX,T_OPT,T_BASE,CNYLD,CPYLD,BN1,BN2,BN3,BP1,BP2,BP3,WSYF,USLE_C,GSI,VPDFR,FRGMAX,WAVP,CO2HI,BIOEHI,RSDCO_PL,OV_N,CN2A,CN2B,CN2C,CN2D,FERTFIELD,ALAI_MIN,BIO_LEAF,MAT_YRS,BMX_TREES,EXT_COEF,BM_DIEOFF,OpSchedule
1,1,AGRL,4,Agricultural Land-Generic,33.5,0.45,3.000,0.15,0.05,0.5,0.95,0.64,1,2,30,11,0.0200,0.0032,0.0440,0.0164,0.0128,0.0060,0.0022,0.0018,0.2500,0.2000,0.0050,4,0.75,8.5,660,36,0.05,0.14,67,77,83,87,1,0,0,0,0,0.65,0.1,AGRR
2,2,AGRR,4,Agricultural Land-Row Crops,39.0,0.50,3.000,0.15,0.05,0.5,0.95,0.7,2.5,2,25,8,0.0140,0.0016,0.0470,0.0177,0.0138,0.0048,0.0018,0.0014,0.3000,0.2000,0.0070,4,0.75,7.2,660,45,0.05,0.14,67,78,85,89,1,0,0,0,0,0.65,0.1,AGRR
3,3,AGRC,5,Agricultural Land-Close-grown,30.0,0.40,4.000,0.05,0.05,0.45,0.95,0.5,0.9,1.3,18,0,0.0250,0.0022,0.0663,0.0255,0.0148,0.0053,0.0020,0.0012,0.2000,0.0300,0.0060,4,0.75,6,660,39,0.05,0.14,62,73,81,84,1,0,0,0,0,0.65,0.1,AGRR
4,4,ORCD,7,Orchard,15.0,0.10,4.000,0.1,0.15,0.5,0.75,0.99,3.5,2,20,7,0.0019,0.0004,0.0060,0.0020,0.0015,0.0007,0.0004,0.0003,0.0500,0.0010,0.0070,4,0.75,3,660,20,0.05,0.15,45,66,77,83,1,0.75,0.3,0,0,0.65,0.1,AGRR
5,5,HAY,6,Hay,35.0,0.90,4.000,0.05,0.05,0.49,0.95,0.99,0.5,2,25,12,0.0234,0.0033,0.0600,0.0231,0.0134,0.0084,0.0032,0.0019,0.9000,0.0030,0.0050,4,0.75,10,660,36,0.05,0.3,31,59,72,79,1,0,0,0,0,0.65,0.1,HAY
6,6,FRST,7,Forest-Mixed,15.0,0.76,5.000,0.05,0.05,0.4,0.95,0.99,6,3.5,30,10,0.0015,0.0003,0.0060,0.0020,0.0015,0.0007,0.0004,0.0003,0.0100,0.0010,0.0020,4,0.75,8,660,16,0.05,0.1,36,60,73,79,0,0.75,0.3,50,1000,0.65,0.1,FRST
7,7,FRSD,7,Forest-Deciduous,15.0,0.76,5.000,0.05,0.05,0.4,0.95,0.99,6,3.5,30,10,0.0015,0.0003,0.0060,0.0020,0.0015,0.0007,0.0004,0.0003,0.0100,0.0010,0.0020,4,0.75,8,660,16,0.05,0.1,45,66,77,83,0,0.75,0.3,10,1000,0.65,0.1,FRSD
8,8,FRSE,7,Forest-Evergreen,15.0,0.76,5.000,0.15,0.7,0.25,0.99,0.99,10,3.5,30,0,0.0015,0.0003,0.0060,0.0020,0.0015,0.0007,0.0004,0.0003,0.6000,0.0010,0.0020,4,0.75,8,660,16,0.05,0.1,25,55,70,77,0,0.75,0.3,30,1000,0.65,0.1,FRSE
9,9,WETL,6,Wetlands-Mixed,47.0,0.90,6.000,0.1,0.2,0.2,0.95,0.7,2.5,2.2,25,12,0.0160,0.0022,0.0350,0.0150,0.0038,0.0014,0.0010,0.0007,0.9000,0.0030,0.0050,4,0.75,8.5,660,54,0.05,0.05,49,69,79,84,0,0,0,0,0,0.65,0.1,WETL
10,10,WETF,7,Wetlands-Forested,15.0,0.76,5.000,0.05,0.05,0.4,0.95,0.99,6,3.5,30,10,0.0015,0.0003,0.0060,0.0020,0.0015,0.0007,0.0004,0.0003,0.0100,0.0010,0.0020,4,0.75,8,660,16,0.05,0.05,45,66,77,83,0,0,0,30,1000,0.65,0.1,WETF
11,11,WETN,6,Wetlands-Non-Forested,47.0,0.90,6.000,0.1,0.2,0.2,0.95,0.7,2.5,2.2,25,12,0.0160,0.0022,0.0350,0.0150,0.0038,0.0014,0.0010,0.0007,0.9000,0.0030,0.0050,4,0.75,8.5,660,54,0.05,0.05,49,69,79,84,0,0,0,0,0,0.65,0.1,WETN
12,12,PAST,6,Pasture,35.0,0.90,4.000,0.05,0.05,0.49,0.95,0.99,0.5,2,25,12,0.0234,0.0033,0.0600,0.0231,0.0134,0.0084,0.0032,0.0019,0.9000,0.0030,0.0050,4,0.75,10,660,36,0.05,0.15,49,69,79,84,0,0,0,0,0,0.65,0.1,PAST
13,13,SPAS,6,Summer Pasture,35.0,0.90,4.000,0.05,0.05,0.49,0.95,0.99,0.5,2,25,12,0.0234,0.0033,0.0600,0.0231,0.0134,0.0084,0.0032,0.0019,0.9000,0.0030,0.0050,4,0.75,10,660,36,0.05,0.15,49,69,79,84,0,0,0,0,0,0.65,0.1,AGRR
14,14,WPAS,6,Winter Pasture,30.0,0.90,4.000,0.15,0.01,0.5,0.95,0.8,1.5,2,15,0,0.0234,0.0033,0.0560,0.0210,0.0120,0.0099,0.0022,0.0019,0.9000,0.0030,0.0050,4,0.75,8,660,39,0.05,0.15,49,69,79,84,0,0,0,0,0,0.65,0.1,AGRR
15,15,RNGE,6,Range-Grasses,34.0,0.90,2.500,0.05,0.1,0.25,0.7,0.35,1,2,25,12,0.0160,0.0022,0.0200,0.0120,0.0050,0.0014,0.0010,0.0007,0.9000,0.0030,0.0050,4,0.75,10,660,39,0.05,0.15,49,69,79,84,0,0,0,0,0,0.33,0.1,RNGE
16,16,RNGB,6,Range-Brush,34.0,0.90,2.000,0.05,0.1,0.25,0.7,0.35,1,2,25,12,0.0160,0.0022,0.0200,0.0120,0.0050,0.0014,0.0010,0.0007,0.9000,0.0030,0.0050,4,0.75,10,660,39,0.05,0.15,39,61,74,80,0,0,0,0,0,0.33,0.1,RNGB
17,17,SWRN,6,Southwestern US (Arid) Range,34.0,0.90,1.500,0.05,0.1,0.25,0.7,0.35,1,2,25,12,0.0160,0.0022,0.0200,0.0120,0.0050,0.0014,0.0010,0.0007,0.9000,0.0030,0.0050,4,0.75,10,660,39,0.05,0.15,39,61,74,80,0,0,0,0,0,0.33,0.1,SWRN
18,18,WATR,6,Water,0.0,0.00,0.000,0,0,0,0,0,0,0,0,0,0.0000,0.0000,0.0000,0.0000,0.0000,0.0000,0.0000,0.0000,0.0000,0.0000,0.0000,0,0,0,0,0,0,0.01,92,92,92,92,0,0,0,0,0,0,0.1,WATR
19,19,CORN,4,Corn,39.0,0.50,6.000,0.15,0.05,0.5,0.95,0.7,2.5,2,25,8,0.0140,0.0016,0.0470,0.0177,0.0138,0.0048,0.0018,0.0014,0.3000,0.2000,0.0070,4,0.75,7.2,660,45,0.05,0.14,67,77,83,87,1,0,0,0,0,0.65,0.1,AGRR
20,20,CSIL,4,Corn Silage,39.0,0.90,4.000,0.15,0.05,0.5,0.95,0.7,2.5,2,25,8,0.0140,0.0016,0.0470,0.0177,0.0138,0.0048,0.0018,0.0014,0.9000,0.2000,0.0070,4,0.75,7.2,660,45,0.05,0.14,67,77,83,87,1,0,0,0,0,0.65,0.1,AGRR
21,21,SCRN,4,Sweet Corn,39.0,0.50,2.500,0.15,0.05,0.5,0.95,0.5,2.5,2,24,12,0.0214,0.0037,0.0470,0.0177,0.0138,0.0048,0.0018,0.0014,0.3000,0.2000,0.0070,4,0.75,7.2,660,45,0.05,0.14,67,77,83,87,1,0,0,0,0,0.65,0.1,AGRR
22,22,EGAM,6,Eastern Gamagrass,21.0,0.90,2.500,0.05,0.18,0.25,0.9,0.4,1.7,2,25,12,0.0160,0.0022,0.0200,0.0100,0.0070,0.0014,0.0010,0.0007,0.9000,0.0030,0.0050,4,0.75,10,660,58,0.05,0.1,31,59,72,79,0,0,0,0,0,0.31,0.1,AGRR
23,23,GRSG,4,Grain Sorghum,33.5,0.45,3.000,0.15,0.05,0.5,0.95,0.64,1,2,30,11,0.0199,0.0032,0.0440,0.0164,0.0128,0.0060,0.0022,0.0018,0.2500,0.2000,0.0050,4,0.75,8.5,660,36,0.05,0.14,67,77,83,87,1,0,0,0,0,0.65,0.1,AGRR
24,24,SGHY,4,Sorghum Hay,33.5,0.90,4.000,0.15,0.05,0.5,0.95,0.64,1.5,2,30,11,0.0199,0.0032,0.0440,0.0164,0.0128,0.0060,0.0022,0.0018,0.9000,0.2000,0.0050,4,0.75,8.5,660,36,0.05,0.14,67,77,83,87,1,0,0,0,0,0.65,0.1,AGRR
25,25,JHGR,6,Johnsongrass,35.0,0.90,2.500,0.15,0.05,0.57,0.95,0.5,1,2,30,11,0.0200,0.0028,0.0440,0.0164,0.0128,0.0060,0.0022,0.0018,0.9000,0.2000,0.0050,4,0.75,8.5,660,36,0.05,0.1,31,59,72,79,0,0,0,0,0,0.65,0.1,AGRR
26,26,SUGC,6,Sugarcane,25.0,0.50,6.000,0.15,0.01,0.5,0.95,0.75,3,2,25,11,0.0000,0.0000,0.0100,0.0040,0.0025,0.0075,0.0030,0.0019,0.0100,0.0010,0.0050,4,0.75,10,660,33,0.05,0.14,67,77,83,87,1,0,0,0,0,0.65,0.1,AGRR
27,27,SWHT,5,Spring Wheat,35.0,0.42,4.000,0.15,0.05,0.5,0.95,0.6,0.9,2,18,0,0.0234,0.0033,0.0600,0.0231,0.0134,0.0084,0.0032,0.0019,0.2000,0.0300,0.0060,4,0.75,8,660,46,0.05,0.14,62,73,81,84,1,0,0,0,0,0.65,0.1,AGRR
28,28,WWHT,5,Winter Wheat,30.0,0.40,4.000,0.05,0.05,0.45,0.95,0.5,0.9,1.3,18,0,0.0250,0.0022,0.0663,0.0255,0.0148,0.0053,0.0020,0.0012,0.2000,0.0300,0.0060,4,0.75,6,660,39,0.05,0.14,62,73,81,84,1,0,0,0,0,0.65,0.1,AGRR
29,29,DWHT,5,Durum Wheat,30.0,0.40,4.000,0.15,0.01,0.5,0.95,0.8,1,2,15,0,0.0263,0.0057,0.0600,0.0231,0.0130,0.0084,0.0032,0.0019,0.2000,0.0300,0.0060,4,0.75,7,660,45,0.05,0.14,62,73,81,84,1,0,0,0,0,0.65,0.1,AGRR
30,30,RYE,5,Rye,35.0,0.40,4.000,0.15,0.01,0.5,0.95,0.8,1,1.8,12.5,0,0.0284,0.0042,0.0600,0.0231,0.0134,0.0084,0.0032,0.0019,0.2000,0.0300,0.0100,4,0.75,7,660,45,0.05,0.14,62,73,81,84,1,0,0,0,0,0.65,0.1,AGRR
31,31,BARL,5,Spring Barley,35.0,0.54,4.000,0.15,0.01,0.45,0.95,0.6,1.2,1.3,25,0,0.0210,0.0017,0.0590,0.0226,0.0131,0.0057,0.0022,0.0013,0.2000,0.0100,0.0080,4,0.75,7,660,45,0.05,0.14,62,73,81,84,1,0,0,0,0,0.65,0.1,AGRR
32,32,OATS,5,Oats,35.0,0.42,4.000,0.15,0.02,0.5,0.95,0.8,1.5,2,15,0,0.0316,0.0057,0.0600,0.0231,0.0134,0.0084,0.0032,0.0019,0.1750,0.0300,0.0050,4,0.75,10,660,45,0.05,0.14,62,73,81,84,1,0,0,0,0,0.45,0.1,AGRR
33,33,RICE,4,Rice,22.0,0.50,5.000,0.3,0.01,0.7,0.95,0.8,0.8,0.9,25,10,0.0136,0.0013,0.0500,0.0200,0.0100,0.0060,0.0030,0.0018,0.2500,0.0300,0.0080,4,0.75,5,660,31,0.05,0.14,62,73,81,84,1,0,0,0,0,0.35,0.1,AGRR
34,34,PMIL,4,Pearl Millet,35.0,0.25,2.500,0.15,0.01,0.5,0.95,0.85,3,2,30,10,0.0200,0.0028,0.0440,0.0300,0.0100,0.0060,0.0022,0.0012,0.1000,0.2000,0.0140,4,0.75,8,660,40,0.05,0.14,62,73,81,84,1,0,0,0,0,0.65,0.1,AGRR
35,35,TIMO,6,Timothy,35.0,0.90,4.000,0.15,0.01,0.5,0.95,0.85,0.8,2,25,8,0.0234,0.0033,0.0314,0.0137,0.0103,0.0038,0.0025,0.0019,0.9000,0.0030,0.0050,4,0.75,8,660,45,0.05,0.1,31,59,72,79,0,0,0,0,0,0.65,0.1,AGRR
36,36,BROS,6,Smooth Bromegrass,35.0,0.90,5.000,0.15,0.01,0.5,0.95,0.85,1.2,2,25,8,0.0234,0.0033,0.0400,0.0240,0.0160,0.0028,0.0017,0.0011,0.9000,0.0030,0.0030,4,0.75,8,660,45,0.05,0.1,31,59,72,79,0,0,0,0,0,0.65,0.1,AGRR
37,37,BROM,6,Meadow Bromegrass,35.0,0.90,3.000,0.45,0.02,0.8,0.95,0.85,0.8,1.3,25,6,0.0234,0.0033,0.0400,0.0240,0.0160,0.0028,0.0017,0.0011,0.9000,0.0030,0.0050,4,0.75,8,660,45,0.05,0.1,31,59,72,79,0,0,0,0,0,0.65,0.1,AGRR
38,38,FESC,6,Tall Fescue,30.0,0.90,4.000,0.15,0.01,0.5,0.95,0.8,1.5,2,15,0,0.0234,0.0033,0.0560,0.0210,0.0120,0.0099,0.0022,0.0019,0.9000,0.0030,0.0050,4,0.75,8,660,39,0.05,0.1,31,59,72,79,0,0,0,0,0,0.65,0.1,AGRR
39,39,BLUG,6,Kentucky Bluegrass,18.0,0.90,2.000,0.05,0.05,0.3,0.7,0.35,0.2,1.4,25,12,0.0160,0.0022,0.0200,0.0100,0.0060,0.0014,0.0010,0.0007,0.9000,0.0030,0.0050,4,0.75,10,660,31,0.05,0.1,31,59,72,79,0,0,0,0,0,1.4,0.1,AGRR
40,40,BERM,6,Bermudagrass,35.0,0.90,4.000,0.05,0.05,0.49,0.95,0.99,0.5,2,25,12,0.0234,0.0033,0.0600,0.0231,0.0134,0.0084,0.0032,0.0019,0.9000,0.0030,0.0050,4,0.75,10,660,36,0.05,0.1,31,59,72,79,0,0,0,0,0,1,0.1,AGRR
41,41,CWGR,6,Crested Wheatgrass,35.0,0.90,4.000,0.35,0.02,0.62,0.95,0.85,0.9,1.3,25,6,0.0500,0.0040,0.0300,0.0200,0.0120,0.0020,0.0015,0.0013,0.9000,0.0030,0.0050,4,0.75,8,660,38,0.05,0.1,31,59,72,79,0,0,0,0,0,0.4,0.1,AGRR
42,42,WWGR,6,Western Wheatgrass,35.0,0.90,4.000,0.5,0.02,0.89,0.95,0.85,0.6,1.3,25,6,0.0500,0.0040,0.0300,0.0200,0.0120,0.0020,0.0015,0.0013,0.9000,0.0030,0.0080,4,0.75,8,660,45,0.05,0.1,31,59,72,79,0,0,0,0,0,0.65,0.1,AGRR
43,43,SWGR,6,Slender Wheatgrass,35.0,0.90,4.000,0.15,0.01,0.5,0.95,0.85,0.7,2,25,8,0.0500,0.0040,0.0300,0.0200,0.0120,0.0020,0.0015,0.0013,0.9000,0.0030,0.0050,4,0.75,8,660,45,0.05,0.1,31,59,72,79,0,0,0,0,0,0.65,0.1,AGRR
44,44,RYEG,5,Italian (Annual) Ryegrass,30.0,0.90,4.000,0.2,0.32,0.45,0.95,0.5,0.8,1.3,18,0,0.0220,0.0028,0.0660,0.0254,0.0147,0.0105,0.0040,0.0024,0.9000,0.0300,0.0050,4,0.75,6,660,39,0.05,0.1,31,59,72,79,0,0,0,0,0,0.65,0.1,AGRR
45,45,RYER,6,Russian Wildrye,30.0,0.90,3.000,0.35,0.02,0.62,0.95,0.8,1,1.3,15,0,0.0230,0.0037,0.0226,0.0180,0.0140,0.0040,0.0040,0.0024,0.9000,0.0300,0.0060,4,0.75,8,660,39,0.05,0.1,31,59,72,79,1,0,0,0,0,0.65,0.1,AGRR
46,46,RYEA,6,Altai Wildrye,30.0,0.90,3.000,0.35,0.02,0.62,0.95,0.8,1.1,1.3,15,0,0.0230,0.0037,0.0226,0.0180,0.0140,0.0040,0.0040,0.0024,0.9000,0.0300,0.0050,4,0.75,8,660,46,0.05,0.1,31,59,72,79,1,0,0,0,0,0.65,0.1,AGRR
47,47,SIDE,6,Sideoats Grama,11.0,0.90,1.700,0.05,0.05,0.3,0.7,0.35,0.4,1.4,25,12,0.0160,0.0022,0.0200,0.0100,0.0060,0.0014,0.0010,0.0007,0.9000,0.0030,0.0050,4,0.75,10,660,21,0.05,0.1,31,59,72,79,0,0,0,0,0,1.12,0.1,AGRR
48,48,BBLS,6,Big Bluestem,14.0,0.90,3.000,0.05,0.1,0.25,0.7,0.35,1,2,25,12,0.0160,0.0022,0.0200,0.0120,0.0050,0.0014,0.0010,0.0007,0.9000,0.0030,0.0050,4,0.75,10,660,39,0.05,0.1,31,59,72,79,0,0,0,0,0,0.36,0.1,AGRR
49,49,LBLS,6,Little Bluestem,34.0,0.90,2.500,0.05,0.1,0.25,0.7,0.35,1,2,25,12,0.0160,0.0022,0.0200,0.0120,0.0050,0.0014,0.0010,0.0007,0.9000,0.0030,0.0050,4,0.75,10,660,39,0.05,0.1,31,59,72,79,0,0,0,0,0,0.36,0.1,AGRR
50,50,SWCH,6,Alamo Switchgrass,47.0,0.90,6.000,0.1,0.2,0.2,0.95,0.7,2.5,2.2,25,12,0.0160,0.0022,0.0350,0.0150,0.0038,0.0014,0.0010,0.0007,0.9000,0.0030,0.0050,4,0.75,8.5,660,54,0.05,0.1,31,59,72,79,1,0,0,0,0,0.33,0.1,AGRR
51,51,INDN,6,Indiangrass,34.0,0.90,3.000,0.05,0.1,0.25,0.7,0.35,1,2,25,12,0.0160,0.0022,0.0200,0.0120,0.0050,0.0014,0.0010,0.0007,0.9000,0.0030,0.0050,4,0.75,10,660,39,0.05,0.1,31,59,72,79,0,0,0,0,0,0.36,0.1,AGRR
52,52,ALFA,3,Alfalfa,20.0,0.90,4.000,0.15,0.01,0.5,0.95,0.9,0.9,3,20,4,0.0250,0.0035,0.0417,0.0290,0.0200,0.0035,0.0028,0.0020,0.9000,0.0100,0.0100,4,0.75,10,660,35,0.05,0.06,31,59,72,79,0,0,0,0,0,0.65,0.1,AGRR
53,53,CLVS,3,Sweetclover,25.0,0.90,4.000,0.15,0.01,0.5,0.95,0.75,1.5,2.4,15,1,0.0650,0.0040,0.0650,0.0280,0.0243,0.0060,0.0024,0.0024,0.9000,0.0030,0.0050,4,0.75,10,660,30,0.05,0.06,31,59,72,79,0,0,0,0,0,0.55,0.1,AGRR
54,54,CLVR,2,Red Clover,25.0,0.90,4.000,0.15,0.01,0.5,0.95,0.75,0.75,1.5,15,1,0.0650,0.0040,0.0650,0.0280,0.0243,0.0060,0.0024,0.0024,0.9000,0.0030,0.0060,4,0.75,10,660,30,0.05,0.06,31,59,72,79,0,0,0,0,0,0.55,0.1,AGRR
55,55,CLVA,3,Alsike Clover,25.0,0.90,4.000,0.15,0.01,0.5,0.95,0.75,0.9,2,15,1,0.0600,0.0040,0.0600,0.0280,0.0240,0.0060,0.0025,0.0025,0.9000,0.0030,0.0050,4,0.75,10,660,30,0.05,0.06,31,59,72,79,0,0,0,0,0,0.55,0.1,AGRR
56,56,SOYB,1,Soybean,25.0,0.31,3.000,0.15,0.05,0.5,0.95,0.6,0.8,1.7,25,10,0.0650,0.0091,0.0524,0.0265,0.0258,0.0074,0.0037,0.0035,0.0100,0.2000,0.0070,4,0.75,8,660,34,0.05,0.14,67,78,85,89,0,0,0,0,0,0.45,0.1,AGRR
57,57,CWPS,1,Cowpeas,35.0,0.42,4.000,0.15,0.01,0.5,0.95,0.8,1.2,2,28,14,0.0427,0.0048,0.0600,0.0231,0.0134,0.0049,0.0019,0.0011,0.0500,0.0300,0.0050,4,0.75,8,660,39,0.05,0.14,67,78,85,89,0,0,0,0,0,0.65,0.1,AGRR
58,58,MUNG,1,Mung Beans,25.0,0.31,4.000,0.15,0.01,0.5,0.95,0.9,1.5,2,30,15,0.0420,0.0040,0.0524,0.0265,0.0258,0.0074,0.0037,0.0035,0.0100,0.2000,0.0050,4,0.75,10,660,33,0.05,0.14,67,78,85,89,0,0,0,0,0,0.65,0.1,AGRR
59,59,LIMA,1,Lima Beans,25.0,0.30,2.500,0.1,0.05,0.8,0.95,0.9,0.6,2,26,18,0.0368,0.0046,0.0040,0.0030,0.0015,0.0035,0.0030,0.0015,0.2200,0.2000,0.0050,4,0.75,5,660,34,0.05,0.14,67,77,83,87,0,0,0,0,0,0.65,0.1,AGRR
60,60,LENT,1,Lentils,20.0,0.61,4.000,0.15,0.02,0.5,0.95,0.9,0.55,1.2,20,3,0.0506,0.0051,0.0440,0.0164,0.0128,0.0074,0.0037,0.0023,0.0100,0.2000,0.0050,4,0.75,10,660,33,0.05,0.14,67,77,83,87,0,0,0,0,0,0.65,0.1,AGRR
61,61,PNUT,1,Peanut,20.0,0.40,4.000,0.15,0.01,0.5,0.95,0.75,0.5,2,27,14,0.0505,0.0040,0.0524,0.0265,0.0258,0.0074,0.0037,0.0035,0.3000,0.2000,0.0060,4,0.75,4,660,25,0.05,0.14,67,77,83,87,1,0,0,0,0,0.65,0.1,AGRR
62,62,FPEA,2,Field Peas,25.0,0.45,4.000,0.15,0.01,0.5,0.95,0.75,1.2,1.2,15,1,0.0370,0.0021,0.0515,0.0335,0.0296,0.0033,0.0019,0.0014,0.1000,0.0100,0.0050,4,0.75,10,660,30,0.05,0.14,67,77,83,87,1,0,0,0,0,0.65,0.1,AGRR
63,63,PEAS,2,Garden or Canning Peas,25.0,0.30,2.500,0.1,0.05,0.8,0.95,0.6,0.6,1.2,14,5,0.0410,0.0051,0.0040,0.0030,0.0015,0.0030,0.0020,0.0015,0.2200,0.2000,0.0050,4,0.75,5,660,34,0.05,0.14,67,77,83,87,1,0,0,0,0,0.65,0.1,AGRR
64,64,SESB,1,Sesbania,50.0,0.31,5.000,0.15,0.01,0.5,0.95,0.9,2,2,25,10,0.0650,0.0091,0.0500,0.0200,0.0150,0.0074,0.0037,0.0035,0.0100,0.2000,0.0050,4,0.75,10,660,60,0.05,0.14,67,77,83,87,0,0,0,0,0,0.65,0.1,AGRR
65,65,FLAX,5,Flax,25.0,0.54,2.500,0.15,0.02,0.5,0.95,0.9,1.2,1.5,22.5,5,0.0400,0.0033,0.0482,0.0294,0.0263,0.0049,0.0024,0.0023,0.4000,0.2000,0.0050,4,0.75,10,660,33,0.05,0.14,62,73,81,84,1,0,0,0,0,0.65,0.1,AGRR
66,66,COTS,4,Upland Cotton-harvested with,15.0,0.50,4.000,0.15,0.01,0.5,0.95,0.95,1,2.5,30,15,0.0140,0.0020,0.0580,0.0192,0.0177,0.0081,0.0027,0.0025,0.4000,0.2000,0.0090,4,0.75,3,660,19,0.05,0.14,67,77,83,87,1,0,0,0,0,0.65,0.1,AGRR
67,67,COTP,4,Upland Cotton-harvested with,15.0,0.40,4.000,0.15,0.01,0.5,0.95,0.95,1,2.5,30,15,0.0190,0.0029,0.0580,0.0192,0.0177,0.0081,0.0027,0.0025,0.3000,0.2000,0.0090,4,0.75,3,660,19,0.05,0.14,67,77,83,87,1,0,0,0,0,0.65,0.1,AGRR
68,68,TOBC,4,Tobacco,39.0,0.55,4.500,0.15,0.05,0.5,0.95,0.7,1.8,2,25,10,0.0140,0.0016,0.0470,0.0177,0.0138,0.0048,0.0018,0.0014,0.5500,0.2000,0.0050,4,0.75,8,660,44,0.05,0.14,67,77,83,87,1,0,0,0,0,0.65,0.1,AGRR
69,69,SGBT,4,Sugarbeet,30.0,2.00,5.000,0.05,0.05,0.5,0.95,0.6,1.2,2,18,4,0.0130,0.0020,0.0550,0.0200,0.0120,0.0060,0.0025,0.0019,1.1000,0.2000,0.0070,4,0.75,10,660,35,0.05,0.14,67,77,83,87,1,0,0,0,0,0.65,0.1,AGRR
70,70,POTA,5,Potato,25.0,0.95,4.000,0.15,0.01,0.5,0.95,0.6,0.6,0.6,22,7,0.0246,0.0023,0.0550,0.0200,0.0120,0.0060,0.0025,0.0019,0.9500,0.2000,0.0050,4,0.75,14.8,660,30,0.05,0.14,67,77,83,87,1,0,0,0,0,0.65,0.1,AGRR
71,71,SPOT,4,Sweetpotato,15.0,0.60,4.000,0.15,0.01,0.5,0.95,0.6,0.8,2,24,14,0.0097,0.0010,0.0450,0.0160,0.0090,0.0045,0.0019,0.0015,0.4000,0.0500,0.0060,4,0.75,3,660,19,0.05,0.14,67,77,83,87,1,0,0,0,0,0.65,0.1,AGRR
72,72,CRRT,5,Carrot,30.0,1.12,3.500,0.15,0.01,0.5,0.95,0.6,0.3,1.2,24,7,0.0135,0.0036,0.0550,0.0075,0.0012,0.0060,0.0030,0.0020,0.9000,0.2000,0.0060,4,0.75,10,660,35,0.05,0.14,67,77,83,87,1,0,0,0,0,0.65,0.1,AGRR
73,73,ONIO,5,Onion,30.0,1.25,1.500,0.15,0.01,0.5,0.95,0.6,0.5,0.6,19,7,0.0206,0.0032,0.0400,0.0300,0.0020,0.0021,0.0020,0.0019,0.9500,0.2000,0.0060,4,0.75,10,660,35,0.05,0.14,67,77,83,87,1,0,0,0,0,0.65,0.1,AGRR
74,74,SUNF,4,Sunflower,46.0,0.30,3.000,0.15,0.01,0.5,0.95,0.62,2.5,2,25,6,0.0454,0.0074,0.0500,0.0230,0.0146,0.0063,0.0029,0.0023,0.1800,0.2000,0.0080,4,0.75,32.3,660,59,0.05,0.14,67,77,83,87,1,0,0,0,0,0.9,0.1,AGRR
75,75,CANP,4,Spring Canola-Polish,34.0,0.23,3.500,0.15,0.02,0.45,0.95,0.5,0.9,0.9,21,5,0.0380,0.0079,0.0440,0.0164,0.0128,0.0074,0.0037,0.0023,0.0100,0.2000,0.0060,4,0.75,10,660,39,0.05,0.14,67,77,83,87,1,0,0,0,0,0.65,0.1,AGRR
76,76,CANA,4,Spring Canola-Argentine,34.0,0.30,4.500,0.15,0.02,0.45,0.95,0.5,1.3,1.4,21,5,0.0380,0.0079,0.0440,0.0164,0.0128,0.0074,0.0037,0.0023,0.0100,0.2000,0.0060,4,0.75,10,660,40,0.05,0.14,67,77,83,87,1,0,0,0,0,0.65,0.1,AGRR
77,77,ASPR,6,Asparagus,90.0,0.80,4.200,0.25,0.23,0.4,0.86,1,0.5,2,24,10,0.0630,0.0067,0.0620,0.0500,0.0400,0.0050,0.0040,0.0020,0.9500,0.2000,0.0060,4,0.75,5,660,95,0.05,0.3,63,74,82,85,1,0,0,0,0,0.65,0.1,AGRR
78,78,BROC,5,Broccoli,26.0,0.80,4.200,0.25,0.23,0.4,0.86,1,0.5,0.6,18,4,0.0512,0.0071,0.0620,0.0090,0.0070,0.0050,0.0040,0.0030,0.9500,0.2000,0.0060,4,0.75,5,660,30,0.05,0.16,67,77,83,87,1,0,0,0,0,0.65,0.1,AGRR
79,79,CABG,6,Cabbage,19.0,0.80,3.000,0.25,0.23,0.4,0.86,1,0.5,0.6,18,1,0.0259,0.0031,0.0620,0.0070,0.0040,0.0050,0.0035,0.0020,0.9500,0.2000,0.0060,4,0.75,5,660,25,0.05,0.14,67,77,83,87,1,0,0,0,0,0.65,0.1,AGRR
80,80,CAUF,5,Cauliflower,21.0,0.80,2.500,0.25,0.23,0.4,0.86,1,0.5,0.6,18,5,0.0411,0.0059,0.0620,0.0070,0.0040,0.0050,0.0035,0.0020,0.9500,0.2000,0.0060,4,0.75,5,660,25,0.05,0.14,67,77,83,87,1,0,0,0,0,0.65,0.1,AGRR
81,81,CELR,6,Celery,27.0,0.80,2.500,0.25,0.23,0.4,0.86,1,0.5,0.6,22,4,0.0199,0.0049,0.0620,0.0150,0.0100,0.0060,0.0050,0.0030,0.9500,0.2000,0.0060,4,0.75,5,660,30,0.05,0.14,67,77,83,87,1,0,0,0,0,0.65,0.1,AGRR
82,82,LETT,5,Head Lettuce,23.0,0.80,4.200,0.25,0.23,0.4,0.86,1,0.2,0.6,18,7,0.0393,0.0049,0.0360,0.0250,0.0210,0.0084,0.0032,0.0019,0.0100,0.0100,0.0030,4,0.75,8,660,25,0.05,0.14,67,77,83,87,1,0,0,0,0,0.65,0.1,AGRR
83,83,SPIN,5,Spinach,30.0,0.95,4.200,0.1,0.05,0.9,0.95,0.95,0.5,0.6,24,4,0.0543,0.0058,0.0620,0.0400,0.0300,0.0050,0.0040,0.0035,0.9500,0.2000,0.0060,4,0.75,5,660,35,0.05,0.14,67,77,83,87,1,0,0,0,0,0.65,0.1,AGRR
84,84,GRBN,1,Green Beans,25.0,0.10,1.500,0.1,0.05,0.8,0.95,0.9,0.6,1.2,19,10,0.0299,0.0039,0.0040,0.0030,0.0015,0.0040,0.0035,0.0015,0.1000,0.2000,0.0080,4,0.75,5,660,34,0.05,0.14,67,77,83,87,1,0,0,0,0,0.65,0.1,AGRR
85,85,CUCM,4,Cucumber,30.0,0.27,1.500,0.15,0.05,0.5,0.95,0.6,0.5,1.2,32,16,0.0219,0.0043,0.0663,0.0075,0.0048,0.0053,0.0025,0.0012,0.2500,0.0300,0.0030,4,0.75,8,660,39,0.05,0.14,67,77,83,87,1,0,0,0,0,0.65,0.1,AGRR
86,86,EGGP,4,Eggplant,30.0,0.59,3.000,0.15,0.05,0.5,0.95,0.6,0.5,1.2,26,15,0.0218,0.0041,0.0663,0.0255,0.0075,0.0053,0.0020,0.0015,0.2500,0.0300,0.0060,4,0.75,8,660,39,0.05,0.14,67,77,83,87,1,0,0,0,0,0.65,0.1,AGRR
87,87,CANT,4,Cantaloupe,30.0,0.50,3.000,0.15,0.05,0.5,0.95,0.6,0.5,1.2,35,15,0.0138,0.0017,0.0663,0.0255,0.0148,0.0053,0.0020,0.0012,0.2500,0.0300,0.0060,4,0.75,3,660,39,0.05,0.14,67,77,83,87,1,0,0,0,0,0.65,0.1,AGRR
88,88,HMEL,4,Honeydew Melon,30.0,0.55,4.000,0.15,0.05,0.5,0.95,0.6,0.5,1.2,35,16,0.0071,0.0010,0.0070,0.0040,0.0020,0.0026,0.0020,0.0017,0.2500,0.0300,0.0060,4,0.75,3,660,39,0.05,0.14,67,77,83,87,1,0,0,0,0,0.65,0.1,AGRR
89,89,WMEL,4,Watermelon,30.0,0.50,1.500,0.15,0.05,0.5,0.95,0.6,0.5,2,35,18,0.0117,0.0011,0.0663,0.0075,0.0048,0.0053,0.0025,0.0012,0.2500,0.0300,0.0060,4,0.75,3,660,39,0.05,0.14,67,77,83,87,1,0,0,0,0,0.65,0.1,AGRR
90,90,PEPR,4,Bell Pepper,30.0,0.60,5.000,0.15,0.05,0.5,0.95,0.6,0.5,1.2,27,18,0.0188,0.0030,0.0600,0.0350,0.0250,0.0053,0.0020,0.0012,0.2500,0.0300,0.0050,4,0.75,8,660,39,0.05,0.14,67,77,83,87,1,0,0,0,0,0.65,0.1,AGRR
91,91,STRW,6,Strawberry,30.0,0.45,3.000,0.15,0.05,0.5,0.95,0.6,0.5,0.6,32,10,0.0116,0.0023,0.0663,0.0255,0.0148,0.0053,0.0020,0.0012,0.2500,0.0300,0.0060,4,0.75,8,660,39,0.05,0.14,67,77,83,87,1,0,0,0,0,0.65,0.1,AGRR
92,92,TOMA,4,Tomato,30.0,0.33,3.000,0.15,0.05,0.5,0.95,0.95,0.5,2,22,10,0.0235,0.0048,0.0663,0.0300,0.0250,0.0053,0.0035,0.0025,0.1500,0.0300,0.0080,4,0.75,8,660,39,0.05,0.14,67,77,83,87,1,0,0,0,0,0.65,0.1,AGRR
93,93,APPL,7,Apple,15.0,0.10,4.000,0.1,0.15,0.5,0.75,0.99,3.5,2,20,7,0.0019,0.0004,0.0060,0.0020,0.0015,0.0007,0.0004,0.0003,0.0500,0.0010,0.0070,4,0.75,3,660,20,0.05,0.14,45,66,77,83,1,0.75,0.3,10,500,0.65,0.1,AGRR
94,94,PINE,7,Pine,15.0,0.76,5.000,0.15,0.7,0.25,0.99,0.99,10,3.5,30,0,0.0015,0.0003,0.0060,0.0020,0.0015,0.0007,0.0004,0.0003,0.6000,0.0010,0.0020,4,0.75,8,660,16,0.05,0.14,25,55,70,77,0,0.75,0.3,50,1000,0.65,0.1,AGRR
95,95,OAK,7,Oak,15.0,0.76,5.000,0.05,0.05,0.4,0.95,0.99,6,3.5,30,10,0.0015,0.0003,0.0060,0.0020,0.0015,0.0007,0.0004,0.0003,0.0100,0.0010,0.0020,4,0.75,8,660,16,0.05,0.14,45,66,77,83,0,0.75,0.3,50,1000,0.65,0.1,AGRR
96,96,POPL,7,Poplar,30.0,0.76,5.000,0.05,0.05,0.4,0.95,0.99,7.5,3.5,30,10,0.0015,0.0003,0.0060,0.0020,0.0015,0.0007,0.0004,0.0003,0.0100,0.0010,0.0040,4,0.75,8,660,31,0.05,0.14,45,66,77,83,0,0.75,0.3,10,200,0.45,0.1,AGRR
97,97,MESQ,7,Honey Mesquite,16.1,0.05,1.250,0.05,0.05,0.4,0.95,0.99,6,3.5,30,10,0.0015,0.0003,0.0200,0.0100,0.0080,0.0007,0.0004,0.0003,0.0100,0.0010,0.0040,4,0.75,8,660,18,0.05,0.14,45,66,77,83,0,0.75,0.3,10,50,0.61,0.1,AGRR
98,98,CRDY,6,DRYLAND CROPLAND AND PASTURE,34.3,0.68,3.500,0.1,0.05,0.5,0.95,0.82,0.75,2,27.5,11.5,0.0217,0.0033,0.0520,0.0198,0.0131,0.0072,0.0027,0.0019,0.5800,0.1000,0.0050,4,0.75,9.25,660,36,0.05,0.15,58,73,81,85.5,1,0,0,0,0,0,0.1,AGRR
99,99,GRAP,7,Vineyard,30.0,0.02,2.000,0.05,0.01,0.5,0.95,0.9,2,2,30,10,0.0200,0.0025,0.0100,0.0040,0.0030,0.0014,0.0008,0.0006,0.0100,0.1000,0.0050,1.1,0.75,8,660,40,0.05,0.14,45,66,77,83,1,0.01,0.3,2,1,0.65,0.1,AGRR
100,100,CRIR,6,IRRIGATED CROPLAND AND PASTURE,34.3,0.68,3.500,0.1,0.05,0.5,0.95,0.82,0.75,2,27.5,11.5,0.0217,0.0033,0.0520,0.0198,0.0131,0.0072,0.0027,0.0019,0.5800,0.1000,0.0050,4,0.75,9.25,660,36,0.05,0.15,58,73,81,85.5,1,0,0,0,0,0,0.1,AGRR
101,101,WBAR,5,Winter Barley,30.0,0.54,4.000,0.05,0.05,0.45,0.95,0.9,0.9,1.3,18,0,0.0250,0.0022,0.0663,0.0255,0.0148,0.0053,0.0020,0.0012,0.2000,0.0300,0.0056,4,0.75,6,660,39,0.05,0.14,62,73,81,84,1,0,0,0,0,0.65,0.1,AGRR
102,102,MIXC,4,MIXED DRYLAND/IRRIGATED  CROPL,33.5,0.45,3.000,0.15,0.05,0.5,0.95,0.64,1,2,30,11,0.0199,0.0032,0.0440,0.0164,0.0128,0.0060,0.0022,0.0018,0.2500,0.2000,0.0050,4,0.75,8.5,660,36,0.05,0.14,67,77,83,87,1,0,0,0,0,0,0.1,AGRR
103,103,OILP,7,Oil Palm,12.0,0.18,5.000,0.1,0.15,0.5,0.75,0.99,3.5,2,20,7,0.0019,0.0004,0.0060,0.0020,0.0015,0.0007,0.0004,0.0003,0.0500,0.0010,0.0071,4,0.75,3,660,20,0.05,0.14,45,66,77,83,0,0.75,0.3,10,500,0.65,0.1,AGRR
104,104,CRGR,4,CROPLAND/GRASSLAND MOSAIC,33.8,0.68,2.750,0.1,0.08,0.38,0.83,0.5,1,2,27.5,11.5,0.0180,0.0027,0.0320,0.0142,0.0089,0.0037,0.0016,0.0013,0.5800,0.1000,0.0050,4,0.75,9.25,660,37.5,0.05,0.15,58,73,81,85.5,1,0,0,0,0,0,0.1,AGRR
105,105,RUBR,7,Rubber Trees,5.6,0.90,2.600,0.1,0.15,0.5,0.75,0.99,3.5,2,20,7,0.0019,0.0004,0.0060,0.0020,0.0015,0.0007,0.0004,0.0003,0.0500,0.0010,0.0071,4,0.75,3,660,20,0.05,0.14,45,66,77,83,0,0.75,0.3,10,500,0.65,0.1,AGRR
106,106,BANA,7,Bananas,30.0,0.44,4.500,0.05,0.05,0.4,0.95,0.99,7.5,3.5,30,10,0.0064,0.0008,0.0600,0.0320,0.0160,0.0030,0.0020,0.0010,0.0100,0.0010,0.0036,4,0.75,8,660,31,0.05,0.14,45,66,77,83,1,0.75,0.3,10,200,0.45,0.1,AGRR
107,107,CRWO,7,CROPLAND/WOODLAND MOSAIC,24.3,0.61,4.000,0.1,0.05,0.45,0.95,0.82,3.5,2.75,30,10.5,0.0107,0.0018,0.0250,0.0092,0.0072,0.0034,0.0013,0.0011,0.1300,0.1000,0.0040,4,0.75,8.25,660,26,0.05,0.12,51.5,68.5,78,83,1,0,0,0,0,0,0.1,AGRR
108,108,GRAS,6,GRASSLAND,34.0,0.90,2.500,0.05,0.1,0.25,0.67,0.35,1,2,25,12,0.0160,0.0022,0.0200,0.0120,0.0050,0.0014,0.0010,0.0007,0.9000,0.0030,0.0050,4,0.75,10,660,39,0.05,0.15,49,69,79,84,0,0,0,0,0,0,0.1,AGRR
109,109,TEFF,5,Eragrostis Teff,35.0,0.23,3.000,0.15,0.05,0.5,0.95,0.9,0.9,2,18,0,0.0234,0.0033,0.0600,0.0231,0.0134,0.0084,0.0032,0.0019,0.2000,0.0300,0.0056,4,0.75,8,660,46,0.05,0.14,62,73,81,84,1,0,0,0,0,0.65,0.1,AGRR
110,110,COFF,7,Coffee,10.0,0.15,1.350,0.05,0.05,0.4,0.95,0.99,2,2,30,10,0.0015,0.0003,0.0200,0.0100,0.0080,0.0007,0.0004,0.0003,0.0100,0.0010,0.0036,4,0.75,8,660,18,0.05,0.14,45,66,77,83,1,0.75,0.3,10,50,0.61,0.1,AGRR
111,111,SHRB,6,SHRUBLAND,34.0,0.90,2.000,0.05,0.1,0.25,0.7,0.35,1,2,25,12,0.0160,0.0022,0.0200,0.0120,0.0050,0.0014,0.0010,0.0007,0.9000,0.0030,0.0050,4,0.75,10,660,39,0.05,0.15,39,61,74,80,0,0,0,0,0,0,0.1,AGRR
112,112,MIGS,6,MIXED GRASSLAND/SHRUBLAND,34.0,0.90,2.250,0.05,0.1,0.25,0.7,0.35,1,2,25,12,0.0160,0.0022,0.0200,0.0120,0.0050,0.0014,0.0010,0.0007,0.9000,0.0030,0.0050,4,0.75,10,660,39,0.05,0.15,44,65,76.5,82,0,0,0,0,0,0,0.1,AGRR
113,113,PTBN,1,Pinto Beans,25.0,0.30,1.500,0.15,0.05,0.5,0.95,0.9,0.8,1.7,25,10,0.0650,0.0091,0.0524,0.0265,0.0258,0.0074,0.0037,0.0035,0.0100,0.2000,0.0071,4,0.75,8,660,34,0.05,0.14,67,78,85,89,0,0,0,0,0,0.45,0.1,AGRR
114,114,ALMD,7,Almonds,16.1,0.05,1.200,0.05,0.05,0.4,0.95,0.99,6,3.5,30,10,0.0015,0.0003,0.0200,0.0100,0.0080,0.0007,0.0004,0.0003,0.0100,0.0010,0.0036,4,0.75,8,660,18,0.05,0.14,45,66,77,83,1,0.75,0.3,10,50,0.61,0.1,AGRR
115,115,SAVA,6,SAVANNA,34.0,0.90,2.000,0.05,0.1,0.25,0.7,0.35,1,2,25,12,0.0160,0.0022,0.0200,0.0120,0.0050,0.0014,0.0010,0.0007,0.9000,0.0030,0.0050,4,0.75,10,660,39,0.05,0.15,44,65,76.5,82,0,0,0,0,0,0,0.1,AGRR
116,116,FODB,7,DECIDUOUS BROADLEAF FOREST,15.0,0.76,5.000,0.05,0.05,0.4,0.95,0.99,6,3.5,30,10,0.0015,0.0003,0.0060,0.0020,0.0015,0.0007,0.0004,0.0003,0.0100,0.0010,0.0020,4,0.75,8,660,16,0.05,0.1,45,66,77,83,0,0.75,0.3,0,0,0,0.1,AGRR
117,117,GRAR,7,Grarigue,16.1,0.05,2.000,0.05,0.05,0.4,0.95,0.99,6,3.5,30,10,0.0015,0.0003,0.0200,0.0100,0.0080,0.0007,0.0004,0.0003,0.0100,0.0010,0.0036,4,0.75,8,660,18,0.05,0.14,39,61,74,80,0,0.75,0.3,10,50,0.61,0.1,AGRR
118,118,FODN,7,DECIDUOUS NEEDLELEAF FOREST,15.0,0.76,5.000,0.05,0.05,0.4,0.95,0.99,6,3.5,30,10,0.0015,0.0003,0.0060,0.0020,0.0015,0.0007,0.0004,0.0003,0.0100,0.0010,0.0020,4,0.75,8,660,16,0.05,0.1,45,66,77,83,0,0.75,0.3,0,0,0,0.1,AGRR
119,119,OLIV,7,Olives,16.1,0.05,0.800,0.05,0.05,0.4,0.95,0.99,6,3.5,30,10,0.0015,0.0003,0.0200,0.0100,0.0080,0.0007,0.0004,0.0003,0.0100,0.0010,0.0036,4,0.75,8,660,18,0.05,0.14,45,66,77,83,1,0.75,0.3,10,50,0.61,0.1,AGRR
120,120,FOEB,7,EVERGREEN BROADLEAF FOREST,15.0,0.76,5.000,0.15,0.7,0.25,0.99,0.99,10,3.5,30,0,0.0015,0.0003,0.0060,0.0020,0.0015,0.0007,0.0004,0.0003,0.6000,0.0010,0.0020,4,0.75,8,660,16,0.05,0.1,25,55,70,77,0,0.75,0.3,0,0,0,0.1,AGRR
121,121,ORAN,7,Orange,15.0,0.14,2.000,0.1,0.15,0.5,0.75,0.99,3.5,2,20,7,0.0019,0.0004,0.0060,0.0020,0.0015,0.0007,0.0004,0.0003,0.0900,0.0010,0.0050,4,3,3,660,20,0.05,0.15,45,66,77,83,1,0.01,0.3,10,30,0.65,0.1,AGRR
122,122,FOEN,7,EVERGREEN NEEDLELEAF FOREST,15.0,0.76,5.000,0.15,0.7,0.25,0.99,0.99,10,3.5,30,0,0.0015,0.0003,0.0060,0.0020,0.0015,0.0007,0.0004,0.0003,0.6000,0.0010,0.0020,4,0.75,8,660,16,0.05,0.1,25,55,70,77,0,0.75,0.3,0,0,0,0.1,AGRR
123,123,SEPT,6,Septic Area,35.0,0.90,4.000,0.05,0.05,0.49,0.95,0.99,0.5,2,25,12,0.0234,0.0033,0.0600,0.0231,0.0134,0.0084,0.0032,0.0019,0.9000,0.0030,0.0050,4,0.75,10,660,36,0.05,0.1,31,59,72,79,0,0,0,0,0,1,0.1,AGRR
124,124,COCO,7,Coconut,24.0,0.56,5.000,0.15,0.7,0.25,0.99,0.99,10,3.5,30,0,0.0015,0.0003,0.0060,0.0020,0.0015,0.0007,0.0004,0.0003,0.6000,0.0010,0.0019,4,0.75,8,660,16,0.05,0.14,45,66,77,83,1,0.75,0.3,30,1000,0.65,0.1,AGRR
125,125,FOMI,7,MIXED FOREST,15.0,0.76,5.000,0.05,0.05,0.4,0.95,0.99,6,3.5,30,10,0.0015,0.0003,0.0060,0.0020,0.0015,0.0007,0.0004,0.0003,0.0100,0.0010,0.0020,4,0.75,8,660,16,0.05,0.1,36,60,73,79,0,0.75,0.3,0,0,0,0.1,AGRR
126,126,CASH,7,Cashews,15.0,0.15,4.000,0.1,0.15,0.5,0.75,0.99,3.5,2,20,7,0.0019,0.0004,0.0060,0.0020,0.0015,0.0007,0.0004,0.0003,0.0500,0.0010,0.0071,4,0.75,3,660,20,0.05,0.15,45,66,77,83,1,0.75,0.3,10,500,0.65,0.1,AGRR
127,127,WATB,6,WATER BODIES,0.0,0.00,0.000,0,0,0,0,0,0,0,0,0,0.0000,0.0000,0.0000,0.0000,0.0000,0.0000,0.0000,0.0000,0.0000,0.0000,0.0000,0,0,0,0,0,0,0.01,92,92,92,92,0,0,0,0,0,0,0.1,AGRR
128,128,PAPA,7,Papayas,30.0,0.44,4.500,0.05,0.05,0.4,0.95,0.99,7.5,3.5,30,10,0.5000,0.0008,0.0600,0.0320,0.0160,0.0030,0.0020,0.0010,0.0100,0.0010,0.0036,4,0.75,8,660,31,0.05,0.15,45,66,77,83,1,0.75,0.3,10,200,0.45,0.1,AGRR
129,129,WEHB,6,HERBACEOUS WETLAND,47.0,0.90,6.000,0.1,0.02,0.2,0.95,0.7,2.5,2.2,25,12,0.0160,0.0022,0.0350,0.0150,0.0038,0.0014,0.0010,0.0007,0.9000,0.0030,0.0050,4,0.75,8.5,660,54,0.05,0.05,49,69,79,84,0,0,0,0,0,0,0.1,AGRR
130,130,PINP,7,Pineapple,30.0,0.70,4.000,0.05,0.05,0.4,0.95,0.99,1,3.5,30,10,0.0064,0.0008,0.0600,0.0320,0.0160,0.0030,0.0020,0.0010,0.0100,0.0010,0.0036,4,0.75,8,660,31,0.05,0.15,45,66,77,83,1,0.75,0.3,10,200,0.45,0.1,AGRR
131,131,WEWO,7,WOODED WETLAND,15.0,0.76,5.000,0.05,0.05,0.4,0.95,0.99,6,3.5,30,10,0.0015,0.0003,0.0060,0.0020,0.0015,0.0007,0.0004,0.0003,0.0100,0.0010,0.0020,4,0.75,8,660,16,0.05,0.05,45,66,77,83,0,0,0,0,0,0,0.1,WETN
132,132,BSVG,6,BAREN OR SPARSLY VEGETATED,34.0,0.90,1.500,0.05,0.1,0.25,0.7,0.35,1,2,25,12,0.0160,0.0022,0.0200,0.0120,0.0050,0.0014,0.0010,0.0007,0.9000,0.0030,0.0050,4,0.75,10,660,39,0.05,0.15,39,61,74,80,0,0,0,0,0,0,0.1,AGRR
133,133,PLAN,7,Plaintains,30.0,0.44,4.500,0.05,0.05,0.4,0.95,0.99,7.5,3.5,30,10,0.0064,0.0008,0.0600,0.0320,0.0160,0.0030,0.0020,0.0010,0.0100,0.0010,0.0036,4,0.75,8,660,31,0.05,0.14,67,77,83,87,1,0.75,0.3,10,200,0.45,0.1,AGRR
134,134,PEPP,7,Peppers,30.0,0.60,2.000,0.15,0.05,0.5,0.95,0.6,0.8,1.1,27,18,0.0030,0.0020,0.0600,0.0350,0.0250,0.0053,0.0020,0.0012,0.3000,0.0000,0.0070,0.5,0.75,8,660,39,0.05,0.14,67,77,83,87,1,0,0,0,0,0.65,0.1,AGRR
135,135,TUHB,6,HERBACEOUS TUNDRA,30.0,0.90,3.000,0.35,0.02,0.62,0.95,0.8,1.1,1.3,15,0,0.0230,0.0037,0.0230,0.0180,0.0140,0.0040,0.0040,0.0024,0.9000,0.0300,0.0050,4,0.75,8,660,46,0.05,0.1,31,59,72,79,0,0,0,0,0,0,0.1,AGRR
136,136,TUWO,6,WOODED TUNDRA,32.0,0.90,2.500,0.2,0.06,0.44,0.83,0.58,1.05,1.65,15,0,0.0195,0.0030,0.0210,0.0150,0.0095,0.0027,0.0025,0.0016,0.9000,0.0170,0.0050,4,0.75,9,660,42.5,0.05,0.13,35,60,73,79.5,0,0,0,0,0,0,0.1,AGRR
137,137,WILL,7,Willow,30.0,0.76,5.000,0.05,0.05,0.4,0.95,0.99,7.5,3.5,30,10,0.0015,0.0003,0.0060,0.0020,0.0015,0.0007,0.0004,0.0003,0.0100,0.0010,0.0036,4,0.75,8,660,31,0.05,0.14,45,66,77,83,0,0.75,0.3,10,200,0.45,0.1,FRST
138,138,BARR,6,Barren,0.0,0.01,0.010,0.05,0.05,0.49,0.95,0.99,0.01,0.1,25,12,0.0234,0.0033,0.0600,0.0231,0.0134,0.0084,0.0032,0.0000,0.9000,0.2000,0.0050,4,0.75,10,660,0.01,0.5,0.14,77,86,91,94,0,0,0,0,0,1,0.1,SWRN
139,139,TUMI,6,MIXED TUNDRA,32.0,0.90,2.250,0.2,0.06,0.44,0.83,0.58,1.05,1.65,15,0,0.0195,0.0030,0.0210,0.0150,0.0095,0.0027,0.0025,0.0016,0.9000,0.0170,0.0050,4,0.75,9,660,42.5,0.05,0.13,35,60,73,79.5,0,0,0,0,0,0,0.1,AGRR
140,140,EUCA,7,Eucalyptus,15.0,0.10,2.500,0.1,0.15,0.5,0.75,0.99,3.5,2,20,7,0.0019,0.0004,0.0060,0.0020,0.0015,0.0007,0.0004,0.0003,0.0500,0.0010,0.0070,4,0.75,3,660,20,0.05,0.14,45,66,77,83,1,0.75,0.3,10,500,0.65,0.1,AGRR
141,141,TUBG,6,BARE GROUND TUNDRA,32.0,0.90,2.250,0.2,0.06,0.44,0.83,0.58,1.05,1.65,15,0,0.0195,0.0030,0.0210,0.0150,0.0095,0.0027,0.0025,0.0016,0.9000,0.0170,0.0050,4,0.75,9,660,42.5,0.05,0.13,35,60,73,79.5,0,0,0,0,0,0,0.1,AGRR
142,142,CASS,5,Cassava,25.0,0.95,4.000,0.15,0.01,0.5,0.95,0.6,0.6,0.6,22,7,0.0246,0.0023,0.0550,0.0200,0.0120,0.0060,0.0025,0.0019,0.9500,0.2000,0.0050,4,0.75,14.8,660,30,0.05,0.14,67,77,83,87,1,0,0,0,0,0.65,0.1,AGRR
143,143,ICES,6,SNOW OR ICE,0.0,0.00,0.000,0,0,0,0,0,0,0,0,0,0.0000,0.0000,0.0000,0.0000,0.0000,0.0000,0.0000,0.0000,0.0000,0.0000,0.0000,0,0,0,0,0,0,0.01,92,92,92,92,0,0,0,0,0,0,0.1,ICES
144,144,RADI,5,Radish,30.0,1.12,3.500,0.15,0.01,0.5,0.95,0.6,0.3,1.2,24,7,0.0135,0.0036,0.0550,0.0075,0.0012,0.0060,0.0030,0.0020,0.9000,0.2000,0.0060,4,0.75,10,660,35,0.05,0.14,67,77,83,87,1,0,0,0,0,0.65,0.1,AGRR
145,145,MINT,5,Mint,3.2,1.00,3.500,0.15,0.01,0.56,0.99,0.95,0.3,1,30,5,0.0135,0.0036,0.0550,0.0075,0.0012,0.0060,0.0030,0.0020,0.9000,0.2000,0.0060,4,0.75,10,660,35,0.05,0.14,67,77,83,87,1,0,0,0,0,0.65,0.1,AGRR
146,146,COCB,4,Cockle Burr,33.0,0.40,5.800,0.15,0.5,0.5,0.95,0.6,1,2,25,10,0.0650,0.0091,0.0300,0.0265,0.0258,0.0074,0.0037,0.0035,0.2000,0.0010,0.0070,4,0.75,8,660,45,0.05,0.14,67,77,83,87,1,0.01,1,10,50,0.6,0.99,AGRR
147,147,COCT,7,Cocoa Tree,15.0,0.56,3.500,0.15,0.05,0.5,0.99,0.9,10,3.5,30,10,0.0012,0.0030,0.0060,0.0020,0.0015,0.0007,0.0004,0.0003,0.0500,0.0010,0.0070,4.75,0.5,8,660,45,0.05,0.14,45,66,77,83,1,0.75,0.3,10,200,0.45,0.1,AGRR
148,148,PART,4,Parthenium,33.0,0.40,3.000,0.15,0.5,0.5,0.95,0.6,1,2,25,10,0.0650,0.0091,0.0300,0.0265,0.0258,0.0074,0.0037,0.0035,0.2000,0.0010,0.0070,4,0.75,8,660,45,0.05,0.14,67,77,83,87,1,0.01,1,10,50,0.6,0.99,AGRR
149,149,WALN,7,Walnut,15.0,0.10,4.000,0.1,0.15,0.5,0.75,0.99,3.5,2,20,7,0.0019,0.0004,0.0060,0.0020,0.0015,0.0007,0.0004,0.0003,0.0500,0.0010,0.0070,4,0.75,3,660,20,0.05,0.14,45,66,77,83,1,0.75,0.3,10,500,0.65,0.1,AGRR
150,150,MAPL,7,Maple,15.0,0.10,4.000,0.1,0.15,0.5,0.75,0.99,3.5,2,20,7,0.0019,0.0004,0.0060,0.0020,0.0015,0.0007,0.0004,0.0003,0.0500,0.0010,0.0070,4,0.75,3,660,20,0.05,0.14,45,66,77,83,1,0.75,0.3,10,500,0.65,0.1,AGRR
151,151,AGIR,4,"Post-flooding or irrigated croplands (or aquatic), SWAT AGRL",33.5,0.45,3.000,0.15,0.05,0.5,0.95,0.64,1,2,30,11,0.0200,0.0032,0.0440,0.0164,0.0128,0.0060,0.0022,0.0018,0.2500,0.2000,0.0050,4,0.75,8.5,660,36,0.05,0.14,67,77,83,87,1,0,0,0,0,0,0.1,AGIR
152,152,AGRF,4,"Rainfed croplands, SWAT AGRL",33.5,0.45,3.000,0.15,0.05,0.5,0.95,0.64,1,2,30,11,0.0200,0.0032,0.0440,0.0164,0.0128,0.0060,0.0022,0.0018,0.2500,0.2000,0.0050,4,0.75,8.5,660,36,0.05,0.14,67,77,83,87,1,0,0,0,0,0,0.1,AGRF
153,153,AGMX,4,"Mosaic cropland (50-70%) / vegetation (grassland/shrubland/forest) (20-50%), SWAT AGRL",33.5,0.45,3.000,0.15,0.05,0.5,0.95,0.64,1,2,30,11,0.0200,0.0032,0.0440,0.0164,0.0128,0.0060,0.0022,0.0018,0.2500,0.2000,0.0050,4,0.75,8.5,660,36,0.05,0.14,67,77,83,87,1,0,0,0,0,0,0.1,AGMX
154,154,RNG1,6,"Mosaic forest or shrubland (50-70%) / grassland (20-50%), SWAT RNGB.'Range-Brush, modified for cold temperature and leaf area Index",34.0,0.90,4.000,0.05,0.1,0.25,0.7,0.35,1,2,15,0,0.0160,0.0022,0.0200,0.0120,0.0050,0.0014,0.0010,0.0007,0.9000,0.0030,0.0050,4,0.75,10,660,39,0.05,0.15,39,61,74,80,0,0,0,0,0,0,0.1,RNG1
155,155,RNG2,6,"Mosaic forest or shrubland (50-70%) / grassland (20-50%), SWAR RNGB, modified for temp to 0,15",34.0,0.90,2.000,0.05,0.1,0.25,0.7,0.35,1,2,15,0,0.0160,0.0022,0.0200,0.0120,0.0050,0.0014,0.0010,0.0007,0.9000,0.0030,0.0050,4,0.75,10,660,39,0.05,0.15,39,61,74,80,0,0,0,0,0,0,0.1,RNG2
156,156,RNE1,6,"Mosaic grassland (50-70%) / forest or shrubland (20-50%), SWAT RNGE,'Range-Grasses, modified for Temp_0,15",34.0,0.90,2.500,0.05,0.1,0.25,0.7,0.35,1,2,15,0,0.0160,0.0022,0.0200,0.0120,0.0050,0.0014,0.0010,0.0007,0.9000,0.0030,0.0050,4,0.75,10,660,39,0.05,0.15,49,69,79,84,0,0,0,0,0,0,0.1,RNE1
